# Copyright (C) 1991-2012 Altera Corporation
# Your use of Altera Corporation's design tools, logic functions 
# and other software and tools, and its AMPP partner logic 
# functions, and any output files from any of the foregoing 
# (including device programming or simulation files), and any 
# associated documentation or information are expressly subject 
# to the terms and conditions of the Altera Program License 
# Subscription Agreement, Altera MegaCore Function License 
# Agreement, or other applicable license agreement, including, 
# without limitation, that your use is for the sole purpose of 
# programming logic devices manufactured by Altera and sold by 
# Altera or its authorized distributors.  Please refer to the 
# applicable agreement for further details.

# Quartus II 64-Bit Version 12.1 Build 243 01/31/2013 Service Pack 1 SJ Web Edition
# File: D:\ED2_2021_2022\1621B\lab03\lab03.csv
# Generated on: Fri Apr 07 11:07:58 2023

# Note: The column header names should not be changed if you wish to import this .csv file into the Quartus II software.

To,Direction,Location,I/O Bank,VREF Group,Fitter Location,I/O Standard,Reserved,Current Strength,Differential Pair
clk,Input,PIN_L21,5,B5_N1,PIN_M1,,,,
clr,Input,PIN_R21,6,B6_N0,PIN_B5,,,,
D,Input,PIN_L22,5,B5_N1,PIN_A4,,,,
mq,Output,PIN_R20,6,B6_N0,PIN_D3,,,,
q,Output,PIN_Y21,6,B6_N1,PIN_B4,,,,
set,Input,PIN_R22,6,B6_N0,PIN_A3,,,,
